Product Name,Product PricePurchase Date,Product Category,Client IP adress
drums,570,01-03-2018 04:43:20,type2,45.30.234.184
bass,697,01-03-2018 01:59:25,type2,205.51.234.254
bass,978,01-01-2018 01:00:45,type3,80.182.195.154
drums,823,01-06-2018 07:58:06,type1,158.15.254.92
sax,623,01-03-2018 04:09:50,type1,49.113.10.190
drums,861,01-02-2018 11:47:26,type1,141.188.251.246
keys,729,01-04-2018 08:21:02,type4,6.218.253.58
bass,557,01-07-2018 12:16:33,type1,206.216.90.208
sax,903,01-05-2018 05:12:43,type2,155.218.16.226
bass,970,01-06-2018 12:16:26,type3,50.27.68.148
guitars,904,01-02-2018 02:51:30,type2,233.23.2.3
keys,861,01-02-2018 04:23:15,type2,83.116.84.124
guitars,813,01-05-2018 01:00:44,type2,208.3.137.56
bass,647,01-01-2018 09:40:18,type1,238.246.165.219
bass,612,01-01-2018 11:53:50,type4,54.225.5.158
bass,769,01-02-2018 07:37:08,type2,130.251.81.84
sax,580,01-04-2018 07:53:24,type3,100.237.61.103
guitars,698,01-06-2018 04:50:45,type4,101.239.132.120
bass,545,01-03-2018 05:02:06,type2,44.249.20.72
sax,713,01-02-2018 11:10:33,type2,2.152.156.142
guitars,888,01-05-2018 01:51:01,type2,126.208.130.141
keys,790,01-05-2018 11:17:27,type1,50.130.119.174
keys,739,01-02-2018 11:38:17,type3,83.231.85.153
bass,584,01-04-2018 06:41:20,type1,187.0.106.211
guitars,517,01-04-2018 07:15:23,type4,130.34.59.177
drums,874,01-03-2018 12:56:35,type1,83.144.3.101
sax,510,01-03-2018 09:51:34,type3,184.85.199.0
keys,512,01-01-2018 09:20:44,type3,179.50.185.232
keys,658,01-02-2018 02:30:23,type1,64.210.172.187
drums,823,01-05-2018 05:19:15,type1,241.3.206.140
drums,906,01-02-2018 03:28:24,type2,130.246.149.178
sax,538,01-02-2018 02:40:24,type2,148.175.203.208
drums,648,01-02-2018 01:35:36,type4,138.92.173.104
bass,910,01-02-2018 05:27:01,type2,84.22.13.139
keys,729,01-02-2018 03:32:37,type1,25.187.150.203
sax,521,01-05-2018 05:02:35,type1,231.147.220.29
keys,617,01-04-2018 11:51:47,type1,244.180.192.20
bass,651,01-05-2018 04:38:44,type3,168.215.121.170
sax,651,01-05-2018 03:24:15,type4,227.178.54.234
drums,792,01-01-2018 12:04:17,type4,27.1.10.9
drums,832,01-01-2018 08:41:48,type2,217.79.247.25
keys,712,01-06-2018 09:17:20,type3,228.223.222.84
drums,525,01-05-2018 10:32:17,type4,152.197.48.85
guitars,524,01-01-2018 06:08:19,type1,20.85.3.79
keys,952,01-05-2018 02:42:55,type4,8.220.113.196
guitars,519,01-05-2018 11:45:49,type3,102.127.35.139
guitars,579,01-05-2018 08:39:44,type4,121.181.46.19
keys,620,01-06-2018 04:15:59,type3,47.210.165.111
sax,652,01-05-2018 03:14:36,type1,154.39.94.232
guitars,917,01-04-2018 07:33:40,type4,194.158.189.113
drums,534,01-05-2018 06:05:14,type3,178.113.128.48
bass,510,01-03-2018 08:25:45,type1,65.241.196.218
sax,882,01-03-2018 01:13:14,type2,152.50.49.46
keys,534,01-04-2018 11:11:52,type3,0.132.234.127
sax,861,01-01-2018 03:22:57,type3,73.242.14.173
keys,699,01-01-2018 09:53:53,type4,223.159.216.56
sax,617,01-01-2018 07:30:47,type3,140.183.22.159
sax,933,01-02-2018 07:45:58,type2,140.144.2.202
drums,910,01-03-2018 09:16:40,type2,126.136.21.209
guitars,576,01-01-2018 08:41:21,type1,226.253.29.178
sax,698,01-06-2018 11:15:43,type1,221.85.182.8
guitars,568,01-02-2018 09:02:12,type3,51.63.227.4
guitars,892,01-01-2018 03:56:34,type4,131.46.3.61
bass,540,01-06-2018 08:54:48,type1,116.69.22.131
drums,992,01-06-2018 03:42:08,type4,230.127.56.150
bass,737,01-02-2018 02:02:23,type2,124.95.98.0
keys,535,01-01-2018 09:41:08,type2,58.163.89.82
guitars,824,01-06-2018 04:52:00,type3,37.139.47.205
guitars,795,01-01-2018 08:56:22,type3,43.59.232.180
drums,675,01-02-2018 11:47:05,type3,16.235.201.194
bass,626,01-01-2018 04:57:32,type3,95.43.10.235
keys,530,01-03-2018 11:25:12,type1,145.37.174.92
keys,607,01-03-2018 12:51:29,type4,253.47.144.199
keys,848,01-03-2018 06:26:09,type3,64.62.129.58
sax,747,01-06-2018 04:31:24,type3,203.73.227.197
sax,847,01-03-2018 10:55:45,type3,173.118.143.169
drums,825,01-02-2018 10:50:16,type4,101.141.196.5
sax,704,01-06-2018 08:28:55,type2,193.156.71.103
sax,529,01-06-2018 05:39:33,type1,185.88.8.61
sax,900,01-06-2018 03:55:13,type2,243.125.240.83
sax,554,01-02-2018 11:17:03,type3,209.13.135.223
bass,841,01-05-2018 12:49:20,type1,55.199.172.74
guitars,635,01-05-2018 01:21:36,type1,244.80.85.150
sax,785,01-02-2018 10:35:19,type4,80.3.94.147
bass,565,01-04-2018 08:52:02,type2,67.174.158.207
keys,864,01-04-2018 01:17:25,type2,113.149.82.152
bass,795,01-05-2018 03:06:25,type3,98.26.22.175
guitars,856,01-04-2018 03:35:08,type3,232.168.165.253
keys,920,01-05-2018 12:53:24,type4,70.13.241.62
drums,699,01-01-2018 12:21:15,type1,217.130.15.214
keys,553,01-06-2018 12:28:57,type4,210.127.105.193
drums,903,01-06-2018 04:51:55,type3,236.212.100.65
sax,984,01-01-2018 08:13:21,type4,78.82.104.249
guitars,541,01-06-2018 09:47:27,type1,223.122.101.213
guitars,971,01-04-2018 06:31:07,type3,131.111.147.78
guitars,857,01-05-2018 09:41:18,type1,217.103.250.128
guitars,958,01-03-2018 01:53:54,type2,194.26.29.177
drums,993,01-02-2018 09:07:10,type3,239.201.147.201
drums,914,01-01-2018 12:51:58,type3,67.245.230.252
drums,534,01-06-2018 01:15:16,type1,88.154.216.141
bass,775,01-04-2018 08:11:11,type1,113.147.83.50
keys,788,01-01-2018 09:25:39,type1,70.28.227.1
drums,816,01-06-2018 02:32:29,type2,166.165.133.2
keys,500,01-06-2018 04:07:45,type1,162.236.245.128
sax,636,01-06-2018 08:42:10,type4,123.135.1.157
keys,924,01-02-2018 09:19:40,type2,205.221.75.30
guitars,742,01-06-2018 05:31:25,type1,224.206.41.202
guitars,741,01-04-2018 04:00:11,type2,177.150.146.233
keys,573,01-04-2018 03:41:53,type3,136.255.31.84
guitars,854,01-01-2018 04:24:47,type4,253.13.52.181
bass,956,01-06-2018 10:31:25,type3,151.60.246.71
sax,763,01-04-2018 11:49:12,type4,180.70.219.170
drums,536,01-02-2018 08:45:26,type3,17.89.80.207
bass,789,01-02-2018 06:13:06,type3,119.238.0.242
keys,942,01-01-2018 09:47:07,type2,66.63.217.13
keys,905,01-04-2018 03:23:35,type3,11.149.238.179
sax,522,01-06-2018 09:18:18,type1,216.66.171.104
bass,638,01-04-2018 09:11:18,type1,105.252.84.109
bass,766,01-07-2018 12:16:31,type3,231.123.74.28
guitars,843,01-05-2018 07:48:31,type1,235.11.237.211
keys,790,01-02-2018 07:04:25,type4,205.253.255.18
bass,560,01-03-2018 11:08:15,type3,83.9.94.224
bass,938,01-01-2018 04:42:34,type4,218.201.165.213
sax,879,01-04-2018 07:47:28,type1,190.166.151.177
bass,892,01-04-2018 11:56:15,type4,45.85.97.63
keys,972,01-02-2018 08:54:05,type2,64.203.10.48
bass,786,01-02-2018 01:25:05,type1,23.162.172.138
guitars,779,01-01-2018 11:20:43,type2,255.153.232.91
guitars,846,01-05-2018 01:18:30,type3,191.234.22.153
sax,564,01-06-2018 08:06:21,type3,15.229.55.93
guitars,626,01-06-2018 04:25:47,type2,192.83.29.254
drums,857,01-05-2018 11:37:54,type3,103.39.218.246
guitars,682,01-06-2018 02:39:01,type2,147.60.213.86
guitars,948,01-02-2018 09:58:56,type3,177.189.218.242
guitars,673,01-01-2018 02:16:19,type4,127.80.117.36
sax,620,01-03-2018 01:48:34,type2,106.196.137.83
bass,876,01-05-2018 07:47:00,type1,245.142.178.35
keys,682,01-02-2018 07:10:40,type2,173.146.22.81
guitars,804,01-04-2018 01:35:11,type2,253.41.98.21
drums,978,01-02-2018 11:27:23,type1,250.138.239.199
keys,754,01-02-2018 09:22:37,type3,72.63.242.162
bass,772,01-02-2018 01:47:21,type3,215.155.112.9
drums,619,01-06-2018 02:31:28,type4,244.18.112.32
guitars,966,01-06-2018 07:44:43,type2,156.138.230.216
drums,714,01-06-2018 04:20:46,type3,5.29.189.54
guitars,902,01-06-2018 05:32:28,type2,119.27.218.197
bass,681,01-06-2018 11:08:51,type3,42.59.158.43
drums,662,01-05-2018 07:54:38,type3,166.235.255.5
sax,990,01-02-2018 03:34:52,type2,186.127.220.157
guitars,555,01-05-2018 11:59:34,type3,24.240.142.89
sax,678,01-01-2018 05:32:50,type3,163.131.255.235
sax,598,01-01-2018 10:43:30,type4,132.156.156.154
guitars,775,01-03-2018 04:13:21,type2,120.90.150.106
drums,558,01-02-2018 12:47:42,type1,216.202.227.203
drums,919,01-04-2018 05:49:07,type2,6.163.53.177
sax,817,01-04-2018 04:16:56,type2,209.231.202.209
bass,639,01-01-2018 07:38:26,type2,219.171.7.119
sax,741,01-03-2018 03:35:02,type1,63.95.71.20
sax,536,01-02-2018 09:28:01,type2,148.251.255.34
keys,575,01-01-2018 03:08:02,type3,236.72.123.13
guitars,969,01-03-2018 09:42:05,type3,197.185.115.237
sax,539,01-05-2018 05:26:35,type1,201.151.150.239
keys,560,01-01-2018 01:17:14,type3,129.175.191.62
keys,622,01-03-2018 12:04:14,type2,191.255.205.136
guitars,637,01-05-2018 12:39:21,type1,55.74.191.73
drums,890,01-06-2018 07:36:32,type4,113.33.105.107
guitars,873,01-05-2018 12:00:13,type3,191.36.135.92
guitars,959,01-01-2018 12:42:10,type2,36.183.57.247
guitars,995,01-04-2018 10:30:47,type4,129.155.40.228
guitars,891,01-03-2018 11:16:56,type2,81.80.36.15
drums,825,01-04-2018 02:09:05,type3,179.150.19.135
guitars,695,01-06-2018 05:09:48,type4,23.168.84.142
keys,618,01-04-2018 01:28:57,type1,88.230.118.194
drums,713,01-02-2018 11:05:46,type3,219.200.121.199
drums,797,01-02-2018 08:10:24,type4,11.167.175.27
bass,671,01-03-2018 05:24:45,type1,17.103.28.51
guitars,570,01-05-2018 09:53:33,type3,198.172.129.9
drums,843,01-01-2018 12:41:33,type3,187.89.245.80
drums,891,01-03-2018 07:31:01,type1,23.40.159.191
sax,734,01-03-2018 03:04:42,type2,136.210.48.53
keys,975,01-02-2018 06:58:56,type1,90.101.155.88
keys,797,01-06-2018 07:46:22,type1,219.251.248.90
bass,964,01-05-2018 10:54:48,type2,60.66.125.188
bass,991,01-02-2018 03:45:29,type3,153.97.216.57
drums,681,01-03-2018 08:57:47,type4,131.9.85.92
guitars,809,01-04-2018 02:10:23,type1,161.98.202.5
keys,731,01-07-2018 12:02:42,type3,252.78.185.102
guitars,747,01-02-2018 06:18:50,type1,173.197.53.155
bass,810,01-03-2018 04:33:00,type2,149.82.241.102
bass,660,01-03-2018 06:01:26,type3,192.250.194.127
bass,767,01-04-2018 11:47:38,type4,243.59.200.2
bass,807,01-04-2018 11:50:03,type4,177.128.221.2
sax,709,01-06-2018 03:19:09,type4,60.155.230.167
guitars,509,01-02-2018 10:15:43,type1,6.100.74.41
drums,727,01-02-2018 07:53:47,type3,64.127.205.198
drums,692,01-01-2018 10:43:39,type1,20.228.34.207
guitars,668,01-05-2018 04:41:29,type1,0.169.85.110
drums,643,01-01-2018 05:46:22,type2,162.61.142.7
sax,962,01-02-2018 06:37:25,type4,32.100.184.0
sax,708,01-03-2018 06:53:36,type3,227.208.152.192
keys,680,01-06-2018 07:15:04,type1,82.189.146.146
guitars,912,01-04-2018 08:27:48,type2,177.90.156.249
keys,928,01-06-2018 11:26:53,type1,24.241.152.89
drums,929,01-05-2018 02:31:59,type2,7.218.228.154
drums,622,01-01-2018 01:49:16,type3,83.31.192.73
drums,743,01-04-2018 01:53:54,type3,154.170.164.46
bass,591,01-06-2018 03:42:05,type2,140.107.131.112
guitars,687,01-04-2018 07:26:19,type2,125.251.188.11
bass,593,01-05-2018 05:37:16,type1,169.101.226.35
drums,994,01-06-2018 03:59:29,type3,3.243.247.29
keys,567,01-04-2018 07:06:59,type4,91.56.44.205
sax,779,01-04-2018 10:15:37,type1,255.131.2.112
sax,784,01-01-2018 11:04:25,type2,230.64.76.249
bass,558,01-05-2018 02:03:37,type2,164.45.251.118
bass,877,01-01-2018 07:24:16,type3,176.57.232.101
bass,884,01-06-2018 03:37:46,type3,108.224.91.220
keys,569,01-05-2018 08:41:20,type1,137.243.0.253
bass,580,01-04-2018 03:22:16,type4,14.166.158.190
guitars,910,01-01-2018 05:29:11,type3,92.97.62.248
sax,936,01-04-2018 11:04:30,type2,201.120.34.41
sax,723,01-06-2018 02:45:00,type1,87.21.240.166
guitars,687,01-04-2018 08:12:41,type2,162.248.96.242
keys,731,01-06-2018 01:57:58,type2,182.157.60.100
keys,518,01-06-2018 10:47:51,type1,43.199.133.71
guitars,896,01-04-2018 11:21:05,type1,106.119.76.87
keys,662,01-03-2018 06:55:55,type4,131.188.0.12
keys,523,01-02-2018 06:27:57,type3,72.47.113.159
bass,781,01-01-2018 11:17:31,type2,241.187.101.71
sax,998,01-03-2018 12:49:25,type3,62.93.174.166
guitars,827,01-05-2018 07:05:03,type4,13.250.208.83
sax,850,01-01-2018 06:50:52,type3,190.95.26.206
sax,961,01-01-2018 05:01:51,type2,111.123.151.230
keys,773,01-01-2018 06:00:43,type4,8.24.33.95
guitars,736,01-06-2018 09:13:34,type3,167.12.33.40
sax,740,01-03-2018 01:23:00,type2,69.20.250.198
guitars,875,01-07-2018 12:09:36,type2,15.237.181.241
drums,719,01-03-2018 12:16:27,type4,29.166.142.207
guitars,559,01-06-2018 06:13:12,type4,174.238.32.180
drums,655,01-01-2018 09:09:19,type4,106.128.227.146
bass,915,01-02-2018 02:20:38,type3,63.50.218.160
guitars,975,01-02-2018 08:08:07,type1,41.53.148.201
sax,685,01-02-2018 08:53:33,type2,41.50.65.55
sax,795,01-02-2018 06:29:03,type3,240.9.48.46
keys,723,01-04-2018 07:54:45,type2,11.172.57.168
drums,572,01-06-2018 03:35:14,type4,122.60.218.72
drums,560,01-05-2018 01:40:53,type2,69.64.41.197
sax,604,01-04-2018 04:21:16,type1,202.207.224.158
keys,780,01-06-2018 07:59:19,type3,155.69.203.15
guitars,989,01-05-2018 05:50:49,type1,101.152.49.254
bass,820,01-01-2018 10:54:11,type3,251.11.162.86
guitars,942,01-03-2018 08:26:09,type3,223.162.41.220
keys,903,01-03-2018 11:19:25,type1,157.184.199.17
bass,850,01-03-2018 12:10:56,type1,125.109.30.45
drums,725,01-03-2018 07:25:53,type4,75.170.82.253
keys,562,01-03-2018 01:24:45,type3,183.198.24.70
sax,686,01-06-2018 06:53:35,type2,42.131.100.73
drums,659,01-04-2018 09:28:44,type1,88.57.44.97
keys,714,01-04-2018 11:23:22,type3,214.66.127.53
keys,846,01-05-2018 09:25:08,type3,239.159.251.30
bass,900,01-03-2018 10:55:19,type4,192.15.73.56
sax,934,01-05-2018 11:31:29,type3,199.154.202.127
drums,730,01-04-2018 03:23:53,type3,84.28.79.20
sax,638,01-03-2018 05:50:23,type1,75.203.43.102
guitars,670,01-04-2018 04:30:25,type3,129.50.1.141
sax,950,01-03-2018 08:55:50,type1,210.126.185.199
bass,758,01-04-2018 01:51:12,type3,166.247.214.114
bass,512,01-05-2018 04:52:59,type1,17.86.97.23
sax,966,01-01-2018 06:59:03,type1,21.136.127.196
keys,715,01-01-2018 10:33:58,type4,40.82.144.226
keys,715,01-04-2018 07:42:25,type1,108.70.250.172
drums,958,01-01-2018 05:41:44,type2,222.230.62.157
sax,529,01-01-2018 11:33:29,type4,162.26.134.252
keys,871,01-05-2018 02:57:12,type1,81.135.82.187
guitars,776,01-03-2018 02:23:25,type2,190.19.141.14
bass,865,01-04-2018 01:55:54,type1,255.243.39.30
guitars,595,01-01-2018 06:49:52,type2,24.213.123.201
keys,606,01-01-2018 07:58:30,type4,149.43.43.222
bass,531,01-03-2018 03:20:01,type4,18.84.53.223
drums,927,01-02-2018 06:16:11,type4,140.55.64.91
sax,808,01-02-2018 05:51:01,type1,146.134.19.148
sax,935,01-06-2018 12:58:24,type4,225.18.20.133
keys,906,01-06-2018 03:57:14,type1,192.152.188.73
keys,687,01-06-2018 11:03:11,type3,16.37.169.219
drums,825,01-03-2018 09:10:59,type4,163.139.207.126
bass,584,01-02-2018 09:59:07,type1,157.103.153.97
bass,510,01-03-2018 01:04:43,type1,223.66.96.173
drums,629,01-04-2018 09:30:19,type4,186.202.153.206
drums,522,01-02-2018 08:28:50,type4,106.114.76.162
guitars,627,01-04-2018 08:03:00,type3,65.84.143.175
bass,716,01-05-2018 08:02:42,type3,14.89.117.89
drums,539,01-06-2018 01:49:09,type2,85.41.216.220
drums,506,01-04-2018 10:47:29,type1,246.45.100.61
bass,781,01-05-2018 07:47:34,type1,186.223.208.189
bass,974,01-01-2018 02:59:19,type4,97.47.163.237
drums,562,01-06-2018 04:49:31,type1,187.176.21.203
sax,663,01-05-2018 09:12:25,type3,106.92.105.206
drums,510,01-03-2018 06:43:37,type4,156.87.3.98
bass,716,01-04-2018 02:06:44,type4,144.240.35.170
bass,887,01-02-2018 08:37:35,type3,180.39.136.252
guitars,703,01-04-2018 03:25:52,type2,24.113.136.213
drums,956,01-02-2018 10:27:43,type4,246.193.119.108
drums,707,01-01-2018 06:43:47,type3,37.26.177.83
keys,540,01-02-2018 09:37:45,type3,241.59.249.233
keys,550,01-03-2018 09:04:38,type1,214.46.145.87
sax,788,01-01-2018 10:58:00,type3,219.68.158.202
guitars,804,01-02-2018 04:38:25,type2,154.50.124.249
keys,520,01-04-2018 05:10:08,type3,19.172.25.217
sax,943,01-06-2018 08:07:24,type2,97.250.210.171
sax,773,01-05-2018 08:13:31,type2,90.249.214.69
keys,506,01-06-2018 02:38:37,type3,103.241.200.177
guitars,679,01-05-2018 06:08:31,type3,27.233.244.88
bass,589,01-01-2018 05:51:21,type1,155.105.237.166
keys,885,01-03-2018 07:11:50,type1,207.125.62.221
guitars,734,01-06-2018 05:50:29,type2,81.248.14.171
keys,576,01-05-2018 06:46:48,type3,243.33.83.252
guitars,576,01-04-2018 03:33:41,type2,23.136.13.50
bass,654,01-04-2018 07:10:52,type1,114.217.177.0
guitars,844,01-01-2018 06:15:23,type1,85.171.144.111
keys,794,01-05-2018 12:13:44,type1,72.249.210.133
drums,675,01-04-2018 08:03:07,type2,37.30.145.205
drums,810,01-05-2018 06:15:20,type3,2.140.147.244
keys,927,01-01-2018 12:17:36,type1,148.144.56.16
keys,746,01-02-2018 11:36:14,type1,43.158.94.25
sax,646,01-02-2018 01:22:36,type4,147.197.190.73
sax,557,01-03-2018 08:59:07,type1,230.251.119.211
keys,641,01-05-2018 02:44:18,type2,235.27.72.153
keys,590,01-03-2018 09:55:22,type1,40.176.112.254
bass,832,01-05-2018 06:52:25,type4,155.146.104.34
drums,527,01-05-2018 06:07:39,type3,133.190.217.43
keys,616,01-03-2018 07:31:33,type1,34.191.44.84
drums,607,01-03-2018 01:13:14,type4,128.127.150.109
guitars,667,01-04-2018 01:45:34,type1,23.43.210.45
guitars,805,01-03-2018 11:21:08,type4,239.87.185.235
bass,972,01-04-2018 10:11:32,type4,222.193.78.142
guitars,672,01-05-2018 07:56:42,type4,106.188.196.18
keys,525,01-02-2018 08:20:44,type1,65.28.2.203
guitars,857,01-05-2018 12:56:55,type2,83.211.88.47
drums,616,01-04-2018 04:04:53,type3,24.150.118.4
bass,979,01-06-2018 06:27:23,type3,62.215.159.253
drums,747,01-01-2018 02:48:32,type2,183.103.128.36
guitars,632,01-04-2018 08:05:24,type1,255.56.58.71
sax,756,01-04-2018 08:11:21,type2,14.33.150.195
guitars,949,01-02-2018 10:18:43,type1,22.106.8.233
bass,924,01-03-2018 01:38:27,type1,255.57.199.65
sax,535,01-03-2018 07:11:40,type1,53.220.112.196
bass,849,01-05-2018 08:59:43,type4,52.182.0.190
drums,655,01-02-2018 10:01:27,type2,161.28.136.234
guitars,681,01-01-2018 01:34:59,type1,57.218.124.99
drums,610,01-02-2018 04:11:29,type1,207.213.165.58
bass,525,01-03-2018 07:50:13,type3,133.0.144.107
bass,676,01-02-2018 02:33:40,type1,18.111.28.56
keys,603,01-03-2018 09:19:53,type1,131.195.30.142
sax,823,01-05-2018 09:41:04,type3,230.75.168.251
sax,629,01-04-2018 07:59:36,type4,126.89.215.24
drums,628,01-01-2018 07:29:43,type4,187.176.152.188
guitars,972,01-05-2018 06:54:04,type1,10.132.163.240
sax,636,01-01-2018 10:56:53,type1,93.18.239.151
guitars,601,01-06-2018 04:04:04,type4,203.79.221.82
keys,837,01-05-2018 10:03:58,type2,70.180.192.114
guitars,680,01-06-2018 02:49:03,type3,98.19.48.210
bass,991,01-06-2018 02:25:26,type3,65.72.44.85
guitars,825,01-04-2018 03:26:46,type4,229.141.157.211
bass,749,01-05-2018 12:36:53,type3,213.177.126.121
guitars,951,01-04-2018 03:12:27,type4,148.218.141.187
drums,728,01-02-2018 06:51:56,type2,65.214.176.166
keys,666,01-01-2018 01:05:32,type4,169.71.181.103
keys,788,01-05-2018 02:19:36,type1,159.10.146.136
keys,737,01-02-2018 12:10:18,type2,29.162.164.130
bass,919,01-01-2018 02:09:44,type4,25.196.148.238
drums,904,01-04-2018 10:06:06,type2,218.7.175.6
guitars,729,01-05-2018 01:52:30,type1,90.166.168.96
keys,958,01-05-2018 11:31:01,type4,54.212.150.249
keys,855,01-05-2018 10:29:51,type3,71.155.47.253
keys,756,01-01-2018 08:21:24,type4,163.28.102.99
sax,597,01-01-2018 09:47:15,type1,138.232.205.24
sax,791,01-06-2018 07:43:08,type2,157.7.10.106
guitars,908,01-06-2018 10:53:22,type4,234.111.134.218
keys,903,01-06-2018 08:39:27,type2,24.40.172.69
sax,573,01-02-2018 03:21:12,type4,25.47.134.227
guitars,674,01-03-2018 02:40:31,type3,148.56.149.245
guitars,533,01-01-2018 02:55:56,type2,31.164.122.164
bass,815,01-01-2018 10:14:39,type2,61.14.214.135
sax,943,01-05-2018 08:50:13,type3,246.31.171.40
keys,964,01-06-2018 10:58:48,type4,7.218.234.58
guitars,900,01-03-2018 02:49:21,type4,136.158.157.220
drums,742,01-06-2018 08:04:36,type1,184.218.36.240
keys,781,01-04-2018 11:28:15,type4,49.53.30.131
guitars,741,01-06-2018 06:19:21,type4,47.215.12.215
sax,667,01-01-2018 01:11:36,type3,113.57.57.21
drums,571,01-02-2018 02:25:55,type2,17.84.97.136
drums,823,01-04-2018 10:29:31,type1,61.201.176.76
guitars,564,01-05-2018 07:18:25,type2,38.108.51.250
guitars,740,01-03-2018 07:16:41,type4,211.109.197.250
keys,576,01-03-2018 04:51:55,type4,101.249.219.252
guitars,556,01-04-2018 12:05:55,type3,19.99.65.16
guitars,635,01-04-2018 11:35:53,type1,99.73.174.51
drums,626,01-05-2018 02:36:41,type3,194.5.208.89
guitars,738,01-06-2018 06:09:17,type3,161.91.206.145
guitars,712,01-01-2018 12:30:07,type1,46.197.155.136
drums,988,01-04-2018 05:22:45,type3,25.76.86.128
guitars,696,01-04-2018 03:43:12,type4,7.235.51.42
sax,706,01-01-2018 10:31:38,type2,9.81.89.167
sax,740,01-03-2018 11:57:23,type1,97.25.217.221
sax,829,01-02-2018 09:59:28,type3,186.141.138.96
sax,782,01-03-2018 05:31:34,type1,189.243.143.32
sax,882,01-03-2018 02:49:34,type4,125.131.29.19
drums,749,01-04-2018 10:00:54,type3,8.204.8.4
drums,615,01-02-2018 06:24:26,type3,114.53.120.22
keys,616,01-06-2018 07:20:30,type3,92.244.22.86
bass,978,01-01-2018 05:23:04,type2,249.90.217.214
drums,894,01-04-2018 03:23:58,type2,253.41.89.66
sax,929,01-03-2018 07:59:45,type3,44.31.71.166
drums,649,01-06-2018 09:57:57,type3,204.37.211.223
bass,560,01-05-2018 08:13:30,type2,42.212.95.55
guitars,884,01-06-2018 11:27:50,type4,35.252.200.230
bass,714,01-04-2018 11:11:57,type1,236.11.71.135
bass,861,01-04-2018 02:26:59,type3,238.165.167.216
sax,549,01-03-2018 06:59:55,type3,173.165.104.84
keys,510,01-05-2018 06:14:43,type1,117.187.139.9
keys,540,01-05-2018 02:43:01,type1,98.142.249.155
guitars,839,01-03-2018 10:46:35,type3,223.15.208.171
sax,984,01-02-2018 01:27:00,type3,232.63.242.72
bass,897,01-05-2018 05:01:30,type4,235.29.29.244
sax,539,01-05-2018 12:11:28,type3,213.22.127.10
guitars,763,01-01-2018 08:04:24,type4,101.11.82.47
sax,944,01-01-2018 03:55:42,type4,150.230.111.217
keys,887,01-04-2018 10:37:52,type4,144.29.235.51
drums,868,01-02-2018 09:32:50,type4,56.236.82.120
sax,680,01-02-2018 12:00:15,type4,133.73.128.196
bass,709,01-04-2018 07:26:33,type2,219.220.204.1
guitars,871,01-04-2018 05:07:22,type3,20.40.238.68
keys,936,01-04-2018 12:15:33,type1,48.211.205.252
keys,640,01-05-2018 06:32:26,type4,250.214.171.178
sax,933,01-01-2018 01:40:59,type3,126.46.132.139
keys,714,01-03-2018 05:41:16,type2,231.102.88.173
keys,879,01-06-2018 08:44:54,type1,175.78.89.230
drums,817,01-06-2018 03:33:13,type2,197.147.84.61
guitars,772,01-03-2018 05:18:13,type2,73.100.77.170
guitars,878,01-05-2018 09:08:24,type1,65.44.29.156
bass,558,01-01-2018 08:03:38,type3,15.185.29.248
bass,586,01-01-2018 02:49:27,type1,182.99.92.87
drums,873,01-01-2018 03:39:30,type3,107.203.173.237
keys,678,01-03-2018 09:04:44,type4,29.113.22.15
keys,975,01-04-2018 05:30:49,type2,229.242.99.12
bass,528,01-03-2018 09:15:34,type4,117.106.195.121
drums,538,01-03-2018 03:40:35,type1,79.243.144.143
bass,667,01-02-2018 09:29:44,type3,24.87.209.183
drums,598,01-04-2018 11:24:04,type2,81.11.225.254
guitars,712,01-03-2018 01:28:15,type1,44.90.32.31
guitars,641,01-04-2018 07:13:00,type1,185.185.114.130
drums,917,01-01-2018 04:31:19,type4,59.9.219.127
bass,544,01-06-2018 03:15:26,type2,141.237.15.89
sax,793,01-06-2018 05:16:33,type3,69.50.153.73
sax,646,01-02-2018 10:25:51,type4,76.48.28.104
guitars,729,01-05-2018 03:53:02,type2,126.232.218.130
bass,529,01-04-2018 07:05:48,type1,120.114.66.41
drums,612,01-04-2018 06:50:27,type2,76.35.208.147
drums,803,01-04-2018 01:29:07,type1,53.254.173.187
sax,549,01-01-2018 01:57:40,type1,102.160.128.34
bass,687,01-06-2018 11:14:33,type1,35.228.35.52
keys,605,01-03-2018 02:05:52,type2,6.211.142.189
guitars,549,01-04-2018 03:08:20,type4,86.178.229.57
drums,611,01-01-2018 05:37:34,type2,52.26.60.74
drums,848,01-01-2018 07:52:53,type2,113.54.148.233
keys,612,01-06-2018 03:46:42,type4,29.120.115.177
keys,514,01-01-2018 06:55:59,type3,129.222.64.168
keys,805,01-06-2018 01:18:23,type4,143.248.39.80
sax,724,01-05-2018 11:46:03,type4,177.238.211.253
bass,641,01-05-2018 01:06:18,type4,229.77.171.187
keys,584,01-03-2018 11:13:27,type2,255.79.243.103
bass,915,01-03-2018 07:56:06,type2,60.103.84.102
keys,640,01-05-2018 07:47:22,type4,141.219.134.129
guitars,675,01-02-2018 05:17:36,type4,20.97.118.217
keys,634,01-04-2018 04:39:22,type4,216.38.34.161
keys,964,01-04-2018 02:00:49,type2,150.213.109.172
keys,600,01-04-2018 12:51:59,type2,127.138.161.29
drums,751,01-06-2018 06:02:33,type4,83.9.172.239
bass,551,01-03-2018 05:45:53,type4,149.87.232.184
bass,860,01-05-2018 08:10:17,type1,92.35.73.106
guitars,995,01-01-2018 06:46:48,type2,182.93.68.108
keys,886,01-04-2018 01:46:13,type4,57.22.239.45
guitars,705,01-02-2018 01:40:11,type2,93.152.255.123
drums,780,01-06-2018 06:15:47,type2,75.118.249.59
sax,940,01-01-2018 11:04:43,type1,144.28.182.34
drums,878,01-05-2018 04:32:01,type2,28.18.31.149
drums,755,01-06-2018 02:05:39,type2,102.209.155.167
sax,562,01-05-2018 11:14:21,type4,0.140.216.60
bass,799,01-06-2018 01:34:08,type4,40.64.98.151
drums,809,01-02-2018 10:53:44,type2,245.147.26.18
sax,537,01-02-2018 11:07:49,type1,127.69.239.159
sax,643,01-03-2018 12:34:38,type1,128.134.84.188
keys,592,01-03-2018 10:54:48,type4,71.189.155.249
drums,505,01-05-2018 02:15:10,type3,49.81.101.183
bass,874,01-02-2018 09:30:53,type3,169.249.77.34
keys,673,01-06-2018 05:21:42,type2,23.202.24.117
bass,875,01-05-2018 12:26:16,type3,69.96.160.171
keys,578,01-02-2018 08:40:37,type3,101.235.255.145
sax,730,01-02-2018 08:24:01,type4,209.155.238.190
keys,740,01-02-2018 07:54:01,type3,2.151.186.23
keys,628,01-06-2018 03:24:29,type1,169.155.133.96
guitars,978,01-02-2018 07:18:09,type4,74.78.175.45
guitars,751,01-02-2018 11:27:05,type1,100.176.74.192
guitars,747,01-06-2018 03:20:59,type1,13.81.83.239
keys,597,01-01-2018 03:51:05,type2,40.90.17.110
drums,731,01-06-2018 07:47:16,type3,9.81.96.229
keys,982,01-02-2018 06:08:38,type2,62.118.154.106
drums,509,01-03-2018 11:41:12,type1,22.11.29.108
sax,558,01-05-2018 07:49:36,type4,120.52.248.4
drums,937,01-04-2018 07:05:34,type3,42.136.49.31
bass,638,01-01-2018 06:29:46,type4,158.121.216.120
drums,667,01-03-2018 01:31:00,type3,150.48.191.176
keys,997,01-05-2018 05:01:11,type1,85.167.79.146
keys,668,01-03-2018 05:02:11,type1,213.41.86.141
sax,570,01-04-2018 12:15:54,type4,50.176.221.28
keys,654,01-04-2018 01:36:52,type4,20.116.116.226
bass,541,01-01-2018 08:01:54,type4,21.199.122.143
bass,719,01-02-2018 10:34:10,type3,244.108.221.71
guitars,605,01-04-2018 03:15:35,type3,247.48.157.140
guitars,663,01-02-2018 10:43:35,type3,19.155.47.223
bass,998,01-02-2018 07:27:33,type2,196.82.53.66
guitars,788,01-06-2018 10:38:38,type1,54.156.33.200
sax,577,01-04-2018 02:58:59,type1,187.72.24.89
keys,814,01-06-2018 02:07:23,type2,64.115.173.19
guitars,524,01-02-2018 03:00:15,type3,39.102.172.238
keys,573,01-05-2018 11:18:54,type4,10.139.30.28
bass,502,01-01-2018 05:41:23,type1,249.199.182.140
sax,819,01-05-2018 09:57:10,type1,92.253.136.228
sax,562,01-03-2018 12:18:37,type4,55.143.61.141
keys,542,01-01-2018 09:24:29,type1,158.50.209.63
guitars,595,01-02-2018 02:33:50,type2,208.180.48.4
bass,920,01-06-2018 07:41:12,type2,151.1.179.20
drums,602,01-03-2018 12:00:17,type1,154.138.217.184
sax,992,01-06-2018 12:29:50,type2,47.119.124.132
drums,647,01-06-2018 09:02:06,type3,47.233.92.4
bass,668,01-03-2018 07:36:01,type2,119.229.103.71
guitars,623,01-01-2018 08:03:07,type3,80.236.74.242
bass,829,01-03-2018 03:32:10,type1,195.42.152.12
drums,698,01-04-2018 03:42:54,type2,8.119.240.2
keys,508,01-06-2018 10:07:22,type2,123.189.105.139
keys,770,01-02-2018 10:24:38,type4,163.70.176.206
bass,562,01-05-2018 08:34:30,type4,111.76.116.44
drums,886,01-01-2018 08:20:15,type3,198.163.196.147
guitars,703,01-03-2018 10:24:38,type4,142.10.116.248
bass,642,01-03-2018 08:25:37,type3,59.106.239.143
guitars,753,01-03-2018 09:48:43,type2,22.191.207.82
keys,702,01-06-2018 01:29:27,type2,129.155.221.25
sax,973,01-06-2018 06:05:22,type2,189.118.202.163
drums,760,01-01-2018 04:58:51,type1,225.134.123.20
sax,555,01-01-2018 02:40:05,type4,175.117.59.131
bass,640,01-05-2018 10:39:25,type1,188.47.43.155
guitars,989,01-06-2018 01:36:00,type3,47.96.238.169
guitars,635,01-03-2018 01:19:06,type2,230.4.138.140
guitars,642,01-06-2018 04:20:01,type4,251.58.222.212
guitars,636,01-04-2018 08:01:57,type2,30.11.170.211
keys,820,01-05-2018 10:30:06,type2,224.177.220.233
bass,909,01-03-2018 12:03:07,type4,122.19.27.135
bass,735,01-06-2018 11:24:25,type2,219.202.118.157
bass,848,01-03-2018 06:06:07,type1,41.105.44.71
sax,647,01-06-2018 01:39:53,type2,150.78.245.100
guitars,842,01-04-2018 08:09:31,type4,73.92.216.148
keys,652,01-02-2018 02:15:29,type4,31.168.55.84
keys,994,01-02-2018 04:19:57,type2,242.240.36.151
guitars,956,01-05-2018 02:06:47,type2,213.255.65.84
sax,869,01-02-2018 11:27:06,type3,76.198.210.208
drums,526,01-03-2018 10:27:28,type2,223.14.205.101
guitars,684,01-03-2018 06:29:22,type4,181.118.57.123
guitars,898,01-03-2018 03:02:36,type2,198.160.74.249
bass,573,01-05-2018 04:03:47,type3,61.206.153.105
keys,867,01-05-2018 11:36:04,type4,203.148.131.74
keys,661,01-06-2018 01:19:56,type3,58.110.117.115
bass,781,01-03-2018 05:09:29,type2,79.59.82.203
keys,569,01-02-2018 09:39:48,type3,0.217.121.211
drums,596,01-04-2018 02:18:29,type3,64.74.109.189
keys,628,01-04-2018 11:13:27,type4,65.116.176.39
keys,510,01-06-2018 11:00:05,type2,208.47.53.59
bass,836,01-04-2018 02:32:28,type2,93.10.82.67
guitars,746,01-05-2018 04:41:38,type4,61.17.225.203
guitars,814,01-06-2018 06:16:38,type3,222.117.144.161
keys,617,01-06-2018 04:39:55,type3,48.81.93.41
guitars,988,01-04-2018 01:17:32,type1,11.63.1.24
bass,524,01-05-2018 03:01:54,type1,32.125.16.216
drums,637,01-03-2018 01:05:42,type2,22.38.179.160
keys,693,01-06-2018 07:41:19,type1,147.31.217.74
guitars,562,01-05-2018 04:51:46,type2,250.17.207.199
sax,618,01-01-2018 07:55:05,type3,52.1.138.18
guitars,979,01-02-2018 07:40:26,type1,165.21.24.60
bass,952,01-01-2018 02:07:49,type3,166.124.244.110
sax,827,01-04-2018 09:38:00,type4,142.27.164.184
drums,848,01-06-2018 03:17:10,type2,10.38.162.152
guitars,836,01-05-2018 12:26:34,type2,100.109.208.26
sax,609,01-05-2018 11:57:38,type4,39.201.32.236
keys,561,01-05-2018 10:59:59,type3,226.227.112.227
drums,931,01-02-2018 11:34:24,type1,144.41.84.249
drums,953,01-05-2018 03:10:31,type1,145.213.84.42
sax,686,01-05-2018 07:17:09,type3,252.169.140.76
keys,926,01-05-2018 04:26:07,type1,218.255.219.219
keys,916,01-05-2018 09:26:06,type2,11.172.240.217
bass,795,01-01-2018 12:41:27,type4,46.36.153.209
sax,592,01-05-2018 08:07:46,type3,70.83.43.15
sax,817,01-02-2018 08:55:56,type1,26.23.108.225
sax,735,01-03-2018 08:32:36,type3,242.112.23.205
bass,656,01-02-2018 06:51:50,type3,138.82.221.61
bass,660,01-03-2018 02:26:49,type2,5.234.247.173
bass,649,01-04-2018 01:31:15,type2,41.191.92.180
keys,906,01-04-2018 01:09:11,type3,130.186.189.116
guitars,726,01-02-2018 10:39:12,type3,15.86.32.247
sax,702,01-06-2018 11:13:56,type1,26.195.9.142
guitars,840,01-01-2018 11:40:40,type3,92.108.123.211
keys,739,01-05-2018 03:16:21,type1,148.105.242.221
guitars,938,01-04-2018 03:25:58,type2,140.54.185.188
keys,633,01-02-2018 09:50:26,type1,103.138.155.137
drums,610,01-02-2018 05:17:16,type4,165.3.163.212
guitars,789,01-01-2018 05:35:40,type4,16.133.44.56
sax,745,01-02-2018 12:03:42,type3,211.24.33.173
bass,921,01-03-2018 11:11:46,type2,9.136.233.229
guitars,602,01-06-2018 08:57:03,type3,160.129.154.236
drums,992,01-03-2018 02:33:55,type2,179.157.129.218
drums,651,01-06-2018 01:35:48,type4,132.245.224.131
drums,532,01-03-2018 08:42:15,type2,232.54.207.219
keys,931,01-04-2018 11:46:11,type2,239.115.46.177
bass,502,01-01-2018 08:52:34,type3,94.24.0.241
bass,921,01-03-2018 04:34:26,type3,28.97.93.50
drums,933,01-03-2018 07:50:06,type1,229.15.178.193
bass,622,01-01-2018 09:24:26,type3,185.53.142.102
bass,891,01-02-2018 05:08:28,type1,74.131.1.150
sax,777,01-03-2018 12:23:32,type1,200.216.74.64
guitars,996,01-03-2018 09:24:03,type1,52.121.153.198
sax,816,01-04-2018 08:54:59,type2,207.99.177.135
drums,821,01-01-2018 11:23:13,type1,53.99.76.80
bass,805,01-06-2018 10:35:48,type2,203.215.91.3
drums,603,01-06-2018 03:38:22,type4,67.216.154.165
keys,600,01-01-2018 09:07:38,type3,55.133.103.221
sax,916,01-04-2018 09:44:53,type2,33.57.232.90
guitars,948,01-05-2018 09:31:35,type2,153.76.243.105
sax,785,01-03-2018 08:54:00,type4,69.86.200.127
bass,696,01-06-2018 02:06:27,type3,75.155.179.91
keys,785,01-02-2018 04:08:54,type2,23.186.83.246
drums,873,01-02-2018 03:55:26,type4,180.187.22.203
bass,710,01-03-2018 09:42:49,type3,86.162.7.159
guitars,854,01-01-2018 04:04:51,type2,54.138.48.235
sax,977,01-05-2018 02:20:39,type1,47.37.105.60
keys,628,01-01-2018 02:34:16,type4,15.3.193.51
drums,680,01-05-2018 02:47:27,type3,55.81.49.68
bass,539,01-02-2018 03:11:02,type3,46.63.183.40
drums,978,01-05-2018 12:17:36,type1,215.66.254.157
drums,945,01-02-2018 10:38:08,type4,222.206.68.222
guitars,977,01-03-2018 01:50:30,type1,255.224.59.111
guitars,624,01-03-2018 11:46:06,type1,21.69.104.154
keys,962,01-06-2018 09:54:15,type3,2.97.57.57
guitars,980,01-02-2018 09:33:41,type4,160.163.125.239
bass,566,01-04-2018 12:51:13,type2,255.132.165.193
sax,632,01-04-2018 12:05:54,type4,50.111.199.85
drums,504,01-05-2018 08:21:38,type1,252.253.96.220
drums,562,01-06-2018 07:40:30,type3,105.3.13.157
guitars,905,01-05-2018 11:49:48,type2,65.146.154.74
keys,618,01-01-2018 05:38:13,type3,251.225.144.19
sax,853,01-05-2018 10:00:51,type1,8.61.10.79
keys,534,01-05-2018 03:47:01,type4,94.38.73.92
guitars,635,01-06-2018 11:32:43,type4,223.27.48.227
keys,691,01-04-2018 04:28:11,type4,130.153.141.235
guitars,641,01-02-2018 01:47:36,type3,16.164.135.248
drums,710,01-06-2018 11:45:45,type1,181.253.171.177
sax,938,01-05-2018 02:38:14,type2,150.170.147.28
guitars,550,01-06-2018 06:28:29,type1,38.54.55.60
keys,547,01-03-2018 01:34:43,type4,108.174.94.111
bass,791,01-04-2018 06:15:13,type1,44.51.184.185
guitars,776,01-02-2018 01:04:38,type3,135.176.43.122
bass,613,01-03-2018 03:06:26,type2,243.124.158.143
sax,899,01-04-2018 01:01:10,type1,185.18.149.251
drums,751,01-06-2018 10:28:14,type1,203.4.24.194
keys,829,01-01-2018 07:39:35,type3,88.104.64.190
bass,545,01-05-2018 09:33:25,type1,106.153.77.206
bass,811,01-02-2018 03:35:00,type4,84.167.237.83
keys,559,01-06-2018 07:38:43,type1,98.80.95.75
sax,861,01-01-2018 05:09:17,type4,41.114.118.15
bass,708,01-01-2018 05:09:07,type3,141.83.114.199
drums,947,01-01-2018 04:17:59,type3,137.220.84.157
guitars,600,01-01-2018 07:01:18,type4,129.10.10.158
bass,949,01-06-2018 06:17:16,type4,61.213.176.27
sax,690,01-06-2018 08:25:24,type2,104.235.18.162
guitars,978,01-02-2018 05:15:36,type2,173.243.26.170
guitars,934,01-06-2018 10:40:58,type1,79.122.116.149
bass,737,01-01-2018 04:01:01,type1,34.128.19.168
bass,896,01-03-2018 05:06:12,type2,9.12.164.80
bass,877,01-04-2018 09:52:56,type4,138.31.13.234
keys,631,01-02-2018 09:31:35,type2,85.155.14.84
sax,661,01-05-2018 09:59:22,type3,228.62.74.7
bass,823,01-03-2018 06:55:15,type2,89.192.147.104
bass,974,01-03-2018 11:18:36,type4,136.193.129.21
sax,812,01-02-2018 05:09:26,type2,23.62.175.146
guitars,981,01-04-2018 09:10:45,type4,148.163.36.42
drums,696,01-01-2018 04:18:49,type1,51.102.61.23
keys,681,01-01-2018 11:27:48,type3,234.13.188.65
drums,546,01-05-2018 06:47:24,type3,207.224.135.114
sax,580,01-06-2018 11:02:00,type1,111.183.247.53
sax,734,01-02-2018 09:49:02,type4,183.123.84.111
guitars,752,01-03-2018 09:49:52,type3,116.175.104.79
drums,658,01-06-2018 10:23:42,type3,88.2.218.5
drums,610,01-05-2018 12:17:56,type4,219.61.212.53
keys,980,01-05-2018 08:14:39,type4,144.46.28.117
bass,651,01-04-2018 01:04:44,type2,53.224.135.59
guitars,935,01-01-2018 03:33:47,type2,182.175.153.132
bass,608,01-05-2018 01:39:00,type1,237.140.71.135
drums,608,01-03-2018 08:10:56,type1,144.21.195.143
drums,819,01-04-2018 02:09:26,type3,3.225.126.95
guitars,500,01-05-2018 11:03:06,type2,1.12.66.154
keys,926,01-04-2018 07:40:53,type2,114.173.163.29
bass,936,01-01-2018 11:18:33,type3,236.172.250.193
drums,731,01-02-2018 03:26:28,type3,41.75.228.14
sax,945,01-03-2018 03:17:41,type2,22.219.44.175
sax,710,01-05-2018 11:30:04,type1,48.180.125.112
drums,706,01-03-2018 08:22:14,type2,253.224.77.192
drums,606,01-06-2018 10:45:27,type4,161.162.107.51
sax,577,01-03-2018 10:31:55,type3,50.67.152.40
drums,624,01-04-2018 02:51:57,type2,217.12.24.199
drums,619,01-03-2018 01:13:35,type2,210.214.107.237
guitars,590,01-02-2018 07:12:58,type3,179.7.77.52
drums,998,01-01-2018 03:32:32,type1,94.145.90.198
guitars,790,01-03-2018 06:27:37,type3,90.202.160.250
keys,878,01-01-2018 05:41:04,type4,177.214.114.33
guitars,826,01-05-2018 07:45:05,type4,32.213.91.88
sax,784,01-02-2018 04:08:56,type1,110.57.23.63
drums,873,01-02-2018 09:53:45,type2,10.195.36.188
keys,880,01-06-2018 05:12:50,type1,47.124.167.76
sax,983,01-01-2018 11:36:46,type3,21.168.125.17
guitars,999,01-03-2018 09:33:47,type4,140.82.241.121
drums,685,01-04-2018 08:13:53,type3,214.113.49.102
drums,572,01-01-2018 01:31:07,type4,184.31.118.36
guitars,639,01-02-2018 05:33:01,type4,69.76.165.235
bass,943,01-04-2018 08:42:49,type2,9.79.211.5
guitars,590,01-05-2018 01:26:03,type4,108.51.60.90
sax,579,01-02-2018 02:07:38,type2,71.131.127.2
guitars,985,01-05-2018 02:21:50,type1,242.34.132.236
bass,999,01-02-2018 02:48:33,type1,94.236.173.20
keys,693,01-06-2018 01:25:38,type1,25.92.144.37
keys,983,01-04-2018 01:49:55,type2,93.55.202.43
drums,758,01-04-2018 03:43:31,type1,144.240.72.220
bass,798,01-02-2018 07:39:33,type3,94.43.204.89
drums,797,01-04-2018 06:48:20,type2,129.126.140.243
guitars,896,01-06-2018 06:49:04,type4,100.85.222.198
drums,779,01-04-2018 03:22:52,type1,89.47.200.78
drums,812,01-06-2018 02:17:36,type3,153.223.61.34
keys,745,01-05-2018 11:09:55,type1,71.152.100.73
guitars,537,01-01-2018 02:13:22,type3,59.252.98.117
guitars,532,01-02-2018 02:14:05,type1,149.125.133.98
keys,869,01-05-2018 10:33:51,type2,185.85.14.229
keys,971,01-02-2018 12:02:57,type4,71.96.91.219
guitars,839,01-06-2018 07:33:52,type3,131.229.29.228
drums,610,01-06-2018 06:28:03,type4,60.123.247.239
drums,845,01-01-2018 11:13:23,type1,106.120.117.51
sax,831,01-04-2018 12:53:20,type2,6.6.240.32
keys,574,01-06-2018 02:12:41,type2,124.206.185.195
sax,787,01-06-2018 02:00:50,type2,0.58.248.168
sax,735,01-04-2018 07:15:37,type2,243.136.205.159
sax,592,01-06-2018 08:44:28,type2,212.133.64.183
sax,951,01-05-2018 11:31:02,type3,127.178.17.194
sax,875,01-05-2018 11:41:26,type1,74.2.182.111
drums,698,01-01-2018 04:36:39,type4,159.66.138.136
keys,970,01-06-2018 02:39:22,type4,169.213.59.25
bass,788,01-02-2018 04:57:25,type2,179.209.26.36
bass,887,01-03-2018 03:52:17,type4,78.179.179.238
keys,992,01-05-2018 12:19:08,type4,152.79.193.238
sax,883,01-01-2018 04:59:25,type3,177.104.141.135
sax,747,01-06-2018 07:52:48,type1,13.70.162.162
keys,807,01-02-2018 06:22:56,type1,248.103.107.225
guitars,748,01-06-2018 10:50:29,type2,128.82.226.98
keys,833,01-03-2018 07:51:59,type4,149.58.62.79
guitars,861,01-01-2018 10:23:52,type4,55.225.4.241
guitars,703,01-04-2018 02:37:09,type3,7.188.120.19
keys,608,01-03-2018 06:12:19,type3,194.46.88.118
drums,789,01-05-2018 11:39:59,type4,203.46.123.86
guitars,919,01-04-2018 05:31:36,type4,133.107.49.81
guitars,809,01-01-2018 09:00:42,type4,152.88.204.109
bass,590,01-03-2018 04:25:19,type4,3.218.219.115
drums,842,01-06-2018 10:29:33,type4,82.102.101.185
drums,762,01-04-2018 02:29:55,type2,135.34.239.177
drums,850,01-01-2018 03:29:23,type1,37.203.27.123
keys,527,01-04-2018 02:21:04,type4,19.51.145.232
bass,551,01-01-2018 04:28:03,type1,16.68.25.93
bass,900,01-06-2018 03:40:32,type3,97.147.83.209
sax,722,01-04-2018 03:08:35,type1,24.117.198.65
sax,705,01-03-2018 05:06:47,type3,253.37.43.51
guitars,629,01-04-2018 08:32:25,type2,149.233.89.141
drums,511,01-05-2018 05:37:08,type1,132.78.96.66
drums,784,01-05-2018 12:58:21,type4,23.102.208.11
bass,821,01-06-2018 11:29:41,type3,177.100.225.9
bass,839,01-01-2018 08:14:11,type1,180.147.102.168
keys,981,01-02-2018 08:06:20,type2,235.106.208.85
bass,560,01-01-2018 02:52:19,type4,242.251.161.61
sax,934,01-06-2018 12:36:56,type2,150.118.164.115
drums,929,01-02-2018 02:15:08,type3,199.223.62.20
drums,953,01-04-2018 02:19:21,type2,39.63.38.226
sax,575,01-01-2018 06:33:33,type1,28.179.94.82
guitars,596,01-04-2018 04:28:08,type2,239.30.59.69
keys,694,01-03-2018 04:36:24,type3,249.59.137.171
guitars,861,01-01-2018 08:13:48,type4,252.59.6.200
guitars,816,01-01-2018 09:40:55,type3,68.30.45.202
keys,535,01-04-2018 11:33:17,type2,200.3.147.190
guitars,928,01-02-2018 04:36:27,type1,122.110.31.180
drums,871,01-02-2018 08:07:45,type1,118.121.21.66
bass,744,01-04-2018 01:13:26,type3,246.236.206.28
drums,595,01-03-2018 12:20:46,type1,33.164.27.25
keys,608,01-06-2018 06:34:12,type2,181.214.125.18
drums,947,01-01-2018 09:04:25,type3,16.223.118.74
guitars,732,01-06-2018 09:33:24,type3,134.116.166.28
bass,576,01-04-2018 04:01:55,type1,61.21.162.227
guitars,660,01-06-2018 07:40:10,type1,48.207.201.139
keys,668,01-01-2018 07:30:03,type1,122.87.165.71
guitars,815,01-03-2018 01:34:52,type4,8.247.22.178
drums,565,01-04-2018 07:44:46,type1,11.156.152.206
sax,915,01-05-2018 06:40:27,type2,7.160.235.180
keys,687,01-04-2018 07:16:04,type3,153.116.202.9
bass,595,01-06-2018 05:52:38,type1,159.1.61.233
drums,636,01-06-2018 09:40:44,type2,30.139.25.23
bass,790,01-03-2018 04:02:35,type2,9.114.174.236
drums,632,01-04-2018 08:04:29,type3,35.23.51.222
bass,825,01-02-2018 07:17:02,type1,2.63.165.93
guitars,562,01-05-2018 09:50:36,type3,167.17.248.34
bass,845,01-04-2018 10:05:48,type2,130.90.153.245
sax,790,01-04-2018 10:36:14,type3,149.183.231.161
sax,972,01-03-2018 03:03:47,type3,250.99.117.253
guitars,991,01-03-2018 04:47:09,type2,220.182.96.198
guitars,865,01-04-2018 12:18:24,type3,32.22.82.125
keys,928,01-04-2018 12:34:24,type2,156.179.103.231
bass,554,01-06-2018 03:02:54,type2,226.97.72.103
keys,763,01-05-2018 12:19:14,type2,52.6.47.54
bass,672,01-04-2018 10:47:07,type1,10.230.86.125
sax,548,01-01-2018 11:48:44,type4,164.226.103.16
sax,674,01-05-2018 04:39:33,type1,102.54.62.233
keys,564,01-04-2018 09:51:57,type2,206.45.105.241
keys,988,01-04-2018 08:16:08,type2,100.53.54.213
bass,994,01-03-2018 10:13:34,type1,7.236.130.209
keys,548,01-05-2018 09:44:48,type4,191.107.100.195
drums,798,01-02-2018 11:27:19,type4,98.89.8.84
drums,891,01-01-2018 04:22:16,type3,157.50.35.172
drums,962,01-04-2018 05:42:44,type3,209.11.4.67
bass,990,01-06-2018 02:30:52,type2,82.89.30.211
bass,635,01-02-2018 01:48:10,type4,67.116.103.118
bass,999,01-02-2018 12:51:44,type1,43.111.152.206
guitars,862,01-02-2018 10:40:04,type2,175.240.0.16
guitars,641,01-02-2018 01:47:23,type4,222.243.133.4
sax,821,01-02-2018 06:11:37,type1,231.104.102.28
drums,962,01-04-2018 10:30:38,type3,169.12.40.109
keys,928,01-06-2018 01:22:28,type4,241.8.48.250
bass,982,01-02-2018 05:29:26,type4,123.146.190.203
sax,773,01-05-2018 06:07:25,type3,216.180.113.160
drums,939,01-05-2018 05:11:23,type4,89.184.143.211
drums,926,01-01-2018 08:24:47,type3,148.185.70.118
guitars,614,01-03-2018 07:08:17,type2,99.2.22.105
guitars,744,01-01-2018 08:35:57,type3,26.50.49.11
bass,848,01-05-2018 03:26:14,type2,219.229.126.196
keys,960,01-03-2018 12:22:31,type4,54.198.205.165
keys,536,01-01-2018 02:35:29,type3,110.231.118.195
bass,828,01-06-2018 12:56:39,type1,157.97.88.196
keys,814,01-03-2018 02:14:10,type1,128.149.45.129
drums,547,01-02-2018 12:26:12,type3,0.154.49.135
sax,807,01-04-2018 08:51:25,type1,143.88.181.154
guitars,636,01-05-2018 07:10:45,type3,218.235.104.107
keys,932,01-05-2018 08:19:08,type3,60.114.147.90
keys,849,01-01-2018 01:02:37,type2,253.171.112.184
guitars,694,01-04-2018 06:50:08,type2,214.96.237.109
bass,800,01-02-2018 12:53:25,type1,1.76.210.116
sax,509,01-03-2018 09:52:36,type4,20.224.81.93
keys,680,01-05-2018 04:25:56,type1,24.122.174.106
keys,693,01-05-2018 04:07:36,type1,35.238.85.97
guitars,641,01-06-2018 11:19:55,type3,164.34.90.209
keys,618,01-03-2018 05:24:41,type3,236.203.116.51
keys,860,01-01-2018 04:36:34,type1,70.79.186.182
drums,676,01-05-2018 12:31:32,type3,24.115.237.96
sax,668,01-04-2018 02:43:27,type1,39.227.50.55
drums,786,01-04-2018 04:09:59,type3,177.117.130.106
bass,837,01-04-2018 03:08:55,type1,162.16.179.53
bass,850,01-06-2018 06:38:26,type3,136.10.130.38
bass,726,01-02-2018 10:46:00,type1,115.67.108.14
sax,806,01-02-2018 05:28:33,type1,74.229.166.6
drums,734,01-06-2018 08:58:16,type3,74.17.66.148
sax,587,01-06-2018 10:00:38,type2,235.137.80.72
keys,572,01-04-2018 03:41:45,type2,232.231.68.199
keys,590,01-03-2018 05:03:40,type3,195.23.185.134
sax,966,01-03-2018 12:15:19,type2,184.130.231.148
keys,902,01-02-2018 11:52:46,type3,232.184.133.190
guitars,591,01-01-2018 05:33:10,type4,1.225.98.167
bass,547,01-02-2018 08:12:40,type1,136.246.234.242
bass,981,01-03-2018 12:28:58,type3,1.31.2.74
drums,863,01-02-2018 06:13:00,type2,253.164.235.83
bass,766,01-04-2018 01:02:17,type3,86.102.254.13
drums,642,01-02-2018 07:13:23,type2,242.156.129.140
bass,621,01-03-2018 01:23:45,type3,185.124.241.17
keys,880,01-02-2018 09:48:01,type2,71.195.73.85
guitars,508,01-06-2018 02:45:09,type4,246.142.243.31
drums,609,01-03-2018 08:25:39,type1,234.86.240.61
keys,770,01-02-2018 07:06:00,type4,253.35.14.241
sax,935,01-03-2018 05:07:41,type3,179.100.45.101
sax,786,01-03-2018 06:41:53,type4,185.150.173.227
sax,906,01-05-2018 12:18:53,type1,65.136.254.118
bass,842,01-02-2018 02:13:24,type2,177.101.8.155
guitars,731,01-02-2018 06:53:06,type4,44.168.98.21
sax,795,01-05-2018 09:34:16,type3,186.111.120.139
drums,716,01-03-2018 01:48:51,type2,106.95.219.216
sax,781,01-04-2018 02:12:48,type1,117.202.198.250
drums,816,01-02-2018 11:25:29,type3,153.239.124.185
guitars,678,01-06-2018 10:36:45,type1,145.255.254.130
drums,760,01-04-2018 08:44:09,type3,66.157.164.111
keys,674,01-05-2018 03:39:48,type4,136.67.30.97
bass,988,01-01-2018 09:59:23,type4,38.71.45.36
keys,679,01-04-2018 02:01:50,type2,120.13.158.98
drums,883,01-03-2018 09:48:07,type1,206.159.173.148
guitars,761,01-02-2018 04:06:33,type2,109.175.162.68
drums,563,01-06-2018 03:18:25,type2,190.240.83.225
drums,719,01-05-2018 11:13:43,type3,87.48.20.222
drums,693,01-04-2018 05:33:54,type1,234.29.103.3
guitars,788,01-06-2018 09:15:36,type3,92.13.207.35
bass,558,01-05-2018 08:12:45,type2,246.43.39.93
drums,927,01-04-2018 05:21:53,type2,79.238.217.150
bass,980,01-06-2018 12:52:17,type3,58.7.4.12
drums,544,01-04-2018 09:56:48,type4,154.108.100.165
drums,535,01-04-2018 10:33:18,type1,231.199.38.108
guitars,730,01-02-2018 12:06:50,type1,154.112.163.252
keys,584,01-05-2018 02:46:58,type1,105.43.127.150
bass,805,01-06-2018 01:27:19,type4,20.168.10.71
drums,987,01-06-2018 10:14:44,type2,103.177.210.148
keys,664,01-04-2018 03:32:24,type3,198.139.56.125
guitars,765,01-05-2018 06:15:21,type2,206.85.151.138
sax,538,01-01-2018 05:24:47,type4,64.3.209.32
bass,627,01-04-2018 07:06:11,type1,29.218.141.232
drums,507,01-04-2018 04:24:51,type2,59.158.9.51
drums,876,01-07-2018 12:44:56,type4,203.191.232.105
keys,982,01-01-2018 10:18:25,type3,147.54.1.37
sax,630,01-02-2018 12:23:14,type4,1.197.190.113
bass,719,01-02-2018 07:50:05,type2,6.3.104.19
drums,683,01-06-2018 10:31:11,type1,157.107.107.233
sax,550,01-02-2018 08:46:17,type3,23.57.185.37
sax,818,01-03-2018 03:00:33,type2,189.254.149.11
keys,705,01-01-2018 06:28:37,type1,110.226.51.201
bass,992,01-05-2018 01:21:33,type4,195.113.145.125
guitars,518,01-02-2018 08:52:57,type1,174.191.78.207
guitars,792,01-03-2018 05:29:29,type2,219.236.158.155
guitars,799,01-03-2018 06:55:44,type1,26.34.76.207
keys,670,01-05-2018 11:44:17,type3,109.150.247.157
sax,683,01-02-2018 05:02:12,type1,204.130.112.217
bass,767,01-04-2018 12:35:28,type3,188.121.144.83
guitars,944,01-04-2018 10:44:46,type1,138.101.117.8
sax,782,01-04-2018 11:43:19,type3,118.210.69.201
bass,532,01-03-2018 09:44:01,type4,105.125.180.78
sax,540,01-03-2018 09:33:01,type3,72.49.150.127
sax,517,01-06-2018 08:07:40,type1,248.45.160.244
drums,580,01-01-2018 07:53:32,type3,161.211.29.218
guitars,589,01-05-2018 10:14:25,type2,137.83.12.187
guitars,722,01-06-2018 04:59:59,type2,26.175.252.176
guitars,513,01-04-2018 12:14:28,type2,97.8.72.148
sax,759,01-03-2018 12:56:32,type4,156.33.194.92
sax,894,01-05-2018 11:01:33,type3,157.131.22.242
sax,603,01-03-2018 02:52:33,type3,3.191.81.95
guitars,970,01-01-2018 12:27:45,type2,105.133.247.28
bass,691,01-03-2018 10:23:22,type2,181.38.94.63
keys,601,01-06-2018 02:27:19,type1,160.231.245.126
keys,513,01-03-2018 06:17:24,type1,70.223.3.248
drums,869,01-06-2018 12:44:07,type4,134.1.50.251
sax,532,01-02-2018 03:53:17,type4,223.72.187.17
drums,748,01-02-2018 07:34:19,type4,17.99.187.83
sax,939,01-02-2018 03:17:25,type1,244.99.172.139
guitars,868,01-05-2018 11:27:09,type3,21.213.136.3
sax,706,01-01-2018 05:14:00,type1,167.197.40.253
sax,696,01-04-2018 01:43:44,type4,91.239.20.138
guitars,859,01-05-2018 01:05:23,type4,177.214.132.119
bass,680,01-06-2018 08:48:49,type4,77.178.182.149
sax,950,01-06-2018 02:50:53,type3,109.227.202.96
keys,871,01-02-2018 04:24:15,type3,45.236.126.140
drums,900,01-06-2018 05:44:00,type2,17.86.188.199
drums,961,01-05-2018 03:57:38,type1,157.226.48.173
drums,534,01-06-2018 08:08:22,type3,20.161.97.189
drums,868,01-03-2018 03:46:06,type1,174.197.17.185
keys,777,01-02-2018 06:07:09,type2,203.79.161.21
drums,695,01-06-2018 09:08:07,type2,21.94.70.166
bass,909,01-01-2018 01:09:41,type1,159.124.93.247
sax,563,01-01-2018 09:08:06,type4,112.197.222.65
sax,660,01-03-2018 05:07:10,type4,2.4.100.179
guitars,984,01-02-2018 12:10:17,type2,255.63.46.50
keys,553,01-05-2018 10:47:50,type3,52.152.189.17
guitars,579,01-01-2018 02:48:11,type4,87.98.45.200
bass,731,01-01-2018 01:39:45,type1,101.44.179.14
bass,974,01-06-2018 06:52:25,type4,66.237.102.249
keys,880,01-04-2018 07:01:09,type2,149.98.198.34
drums,902,01-01-2018 03:07:31,type3,43.107.0.114
sax,951,01-05-2018 10:50:12,type2,193.232.168.75
bass,767,01-06-2018 01:33:37,type4,104.126.207.211
guitars,840,01-04-2018 04:58:56,type2,43.147.130.63
drums,721,01-01-2018 02:25:54,type4,25.232.208.240
guitars,516,01-02-2018 07:04:18,type3,43.140.188.135
keys,766,01-04-2018 02:46:46,type2,220.169.203.241
bass,844,01-01-2018 10:59:52,type2,94.19.6.119
keys,501,01-01-2018 07:05:34,type4,48.240.171.76
keys,690,01-03-2018 11:42:13,type2,71.13.4.221
drums,572,01-01-2018 12:13:17,type2,245.164.103.44
keys,532,01-06-2018 09:02:38,type3,38.193.167.191
sax,787,01-02-2018 11:09:34,type2,253.101.101.40
drums,528,01-05-2018 03:23:11,type1,31.163.104.66
guitars,905,01-04-2018 07:09:57,type3,3.63.124.171
sax,584,01-01-2018 10:37:23,type3,194.93.146.175
sax,631,01-03-2018 10:08:46,type4,217.29.171.137
